x_0,x_1,x_2,x_3,x_4,x_5,x_6,x_7,x_8,x_9,x_10,y
8.6,0.685,0.1,1.6,0.092,3,12,0.99745,3.31,0.65,9.55,1
6.4,0.57,0.02,1.8,0.067,4,11,0.997,3.46,0.68,9.5,0
7.7,0.53,0.06,1.7,0.074,9,39,0.99615,3.35,0.48,9.8,1
8,0.39,0.3,1.9,0.074,32,84,0.99717,3.39,0.61,9,0
7.4,0.49,0.27,2.1,0.071,14,25,0.99388,3.35,0.63,12,1
10.7,0.43,0.39,2.2,0.106,8,32,0.9986,2.89,0.5,9.6,0
7.8,0.88,0,2.6,0.098,25,67,0.9968,3.2,0.68,9.8,0
9.8,0.25,0.49,2.7,0.088,15,33,0.9982,3.42,0.9,10,1
8.3,0.705,0.12,2.6,0.092,12,28,0.9994,3.51,0.72,10,0
9.9,0.63,0.24,2.4,0.077,6,33,0.9974,3.09,0.57,9.4,0
7.1,0.66,0,3.9,0.086,17,45,0.9976,3.46,0.54,9.5,0
12.4,0.4,0.51,2,0.059,6,24,0.9994,3.04,0.6,9.3,1
6.8,0.41,0.31,8.8,0.084,26,45,0.99824,3.38,0.64,10.1,1
6.6,0.44,0.15,2.1,0.076,22,53,0.9957,3.32,0.62,9.3,0
9.3,0.33,0.45,1.5,0.057,19,37,0.99498,3.18,0.89,11.1,1
9.9,0.35,0.38,1.5,0.058,31,47,0.99676,3.26,0.82,10.6,1
9.3,0.4,0.49,2.5,0.085,38,142,0.9978,3.22,0.55,9.4,0
6.9,0.41,0.31,2,0.079,21,51,0.99668,3.47,0.55,9.5,1
8.3,0.65,0.1,2.9,0.089,17,40,0.99803,3.29,0.55,9.5,0
10.5,0.24,0.42,1.8,0.077,6,22,0.9976,3.21,1.05,10.8,1
6.9,0.54,0.3,2.2,0.088,9,105,0.99725,3.25,1.18,10.5,1
10.4,0.33,0.63,2.8,0.084,5,22,0.9998,3.26,0.74,11.2,1
8.3,0.43,0.3,3.4,0.079,7,34,0.99788,3.36,0.61,10.5,0
8.9,0.4,0.51,2.6,0.052,13,27,0.995,3.32,0.9,13.4,1
8.6,0.47,0.3,3,0.076,30,135,0.9976,3.3,0.53,9.4,0
7.2,0.645,0,1.9,0.097,15,39,0.99675,3.37,0.58,9.2,1
6.4,0.63,0.21,1.6,0.08,12,32,0.99689,3.58,0.66,9.8,0
15.5,0.645,0.49,4.2,0.095,10,23,1.00315,2.92,0.74,11.1,0
10.3,0.43,0.44,2.4,0.214,5,12,0.9994,3.19,0.63,9.5,1
8.7,0.31,0.46,1.4,0.059,11,25,0.9966,3.36,0.76,10.1,1
9.8,0.51,0.19,3.2,0.081,8,30,0.9984,3.23,0.58,10.5,1
9.5,0.37,0.52,2,0.082,6,26,0.998,3.18,0.51,9.5,0
8.2,0.33,0.39,2.5,0.074,29,48,0.99528,3.32,0.88,12.4,1
8.2,0.7,0.23,2,0.099,14,81,0.9973,3.19,0.7,9.4,0
8.9,0.32,0.31,2,0.088,12,19,0.9957,3.17,0.55,10.4,1
5.8,0.68,0.02,1.8,0.087,21,94,0.9944,3.54,0.52,10,0
7.9,0.57,0.31,2,0.079,10,79,0.99677,3.29,0.69,9.5,1
8.7,0.54,0.26,2.5,0.097,7,31,0.9976,3.27,0.6,9.3,1
6.6,0.725,0.09,5.5,0.117,9,17,0.99655,3.35,0.49,10.8,1
12.7,0.6,0.49,2.8,0.075,5,19,0.9994,3.14,0.57,11.4,0
8.2,0.59,0,2.5,0.093,19,58,1.0002,3.5,0.65,9.3,1
8.2,1,0.09,2.3,0.065,7,37,0.99685,3.32,0.55,9,1
7.9,0.34,0.36,1.9,0.065,5,10,0.99419,3.27,0.54,11.2,1
8.8,0.33,0.41,5.9,0.073,7,13,0.99658,3.3,0.62,12.1,1
6.9,0.685,0,2.5,0.105,22,37,0.9966,3.46,0.57,10.6,1
11.5,0.59,0.59,2.6,0.087,13,49,0.9988,3.18,0.65,11,1
9.8,0.34,0.39,1.4,0.066,3,7,0.9947,3.19,0.55,11.4,1
7.8,0.59,0.18,2.3,0.076,17,54,0.9975,3.43,0.59,10,0
7.5,0.51,0.02,1.7,0.084,13,31,0.99538,3.36,0.54,10.5,1
9.3,0.39,0.4,2.6,0.073,10,26,0.9984,3.34,0.75,10.2,1
7.1,0.68,0,2.2,0.073,12,22,0.9969,3.48,0.5,9.3,0
6.7,0.42,0.27,8.6,0.068,24,148,0.9948,3.16,0.57,11.3,1
8.4,0.37,0.43,2.3,0.063,12,19,0.9955,3.17,0.81,11.2,1
7.5,0.71,0,1.6,0.092,22,31,0.99635,3.38,0.58,10,1
12.3,0.5,0.49,2.2,0.089,5,14,1.0002,3.19,0.44,9.6,0
9.5,0.37,0.52,2,0.088,12,51,0.99613,3.29,0.58,11.1,1
7.3,0.44,0.2,1.6,0.049,24,64,0.9935,3.38,0.57,11.7,1
10.6,0.44,0.68,4.1,0.114,6,24,0.997,3.06,0.66,13.4,1
6.2,0.36,0.24,2.2,0.095,19,42,0.9946,3.57,0.57,11.7,1
8.2,0.915,0.27,2.1,0.088,7,23,0.9962,3.26,0.47,10,0
8.5,0.46,0.31,2.25,0.078,32,58,0.998,3.33,0.54,9.8,0
6.9,0.39,0.24,2.1,0.102,4,7,0.99462,3.44,0.58,11.4,0
8.4,0.665,0.61,2,0.112,13,95,0.997,3.16,0.54,9.1,0
8.9,0.12,0.45,1.8,0.075,10,21,0.99552,3.41,0.76,11.9,1
5.6,0.605,0.05,2.4,0.073,19,25,0.99258,3.56,0.55,12.9,0
7.6,0.4,0.29,1.9,0.078,29,66,0.9971,3.45,0.59,9.5,1
8.8,0.48,0.41,3.3,0.092,26,52,0.9982,3.31,0.53,10.5,1
6.8,0.59,0.06,6,0.06,11,18,0.9962,3.41,0.59,10.8,1
8,0.38,0.06,1.8,0.078,12,49,0.99625,3.37,0.52,9.9,1
5.4,0.835,0.08,1.2,0.046,13,93,0.9924,3.57,0.85,13,1
7.5,0.58,0.03,4.1,0.08,27,46,0.99592,3.02,0.47,9.2,0
11.5,0.54,0.71,4.4,0.124,6,15,0.9984,3.01,0.83,11.8,1
6.8,0.64,0.03,2.3,0.075,14,31,0.99545,3.36,0.58,10.4,1
7.5,0.58,0.14,2.2,0.077,27,60,0.9963,3.28,0.59,9.8,0
6.6,0.58,0.02,2,0.062,37,53,0.99374,3.35,0.76,11.6,1
7.9,0.69,0.21,2.1,0.08,33,141,0.9962,3.25,0.51,9.9,0
7.4,0.7,0,1.9,0.076,11,34,0.9978,3.51,0.56,9.4,0
6.2,0.51,0.14,1.9,0.056,15,34,0.99396,3.48,0.57,11.5,1
7.2,0.725,0.05,4.65,0.086,4,11,0.9962,3.41,0.39,10.9,0
12.5,0.56,0.49,2.4,0.064,5,27,0.9999,3.08,0.87,10.9,0
7.7,0.69,0.05,2.7,0.075,15,27,0.9974,3.26,0.61,9.1,0
8,0.715,0.22,2.3,0.075,13,81,0.99688,3.24,0.54,9.5,1
9.9,0.35,0.41,2.3,0.083,11,61,0.9982,3.21,0.5,9.5,0
6.4,0.53,0.09,3.9,0.123,14,31,0.9968,3.5,0.67,11,0
7.6,0.43,0.29,2.1,0.075,19,66,0.99718,3.4,0.64,9.5,0
10.3,0.59,0.42,2.8,0.09,35,73,0.999,3.28,0.7,9.5,1
7,0.62,0.1,1.4,0.071,27,63,0.996,3.28,0.61,9.2,0
7.9,0.37,0.23,1.8,0.077,23,49,0.9963,3.28,0.67,9.3,0
6.8,0.67,0.02,1.8,0.05,5,11,0.9962,3.48,0.52,9.5,0
10.4,0.24,0.49,1.8,0.075,6,20,0.9977,3.18,1.06,11,1
5,0.74,0,1.2,0.041,16,46,0.99258,4.01,0.59,12.5,1
10.2,0.29,0.65,2.4,0.075,6,17,0.99565,3.22,0.63,11.8,1
5.6,0.915,0,2.1,0.041,17,78,0.99346,3.68,0.73,11.4,0
7.4,0.6,0.26,2.1,0.083,17,91,0.99616,3.29,0.56,9.8,1
9,0.45,0.49,2.6,0.084,21,75,0.9987,3.35,0.57,9.7,0
6.6,0.695,0,2.1,0.075,12,56,0.9968,3.49,0.67,9.2,0
8,0.52,0.25,2,0.078,19,59,0.99612,3.3,0.48,10.2,0
11.8,0.26,0.52,1.8,0.071,6,10,0.9968,3.2,0.72,10.2,1
7.7,0.835,0,2.6,0.081,6,14,0.9975,3.3,0.52,9.3,0
10.2,0.42,0.57,3.4,0.07,4,10,0.9971,3.04,0.63,9.6,0
11.6,0.47,0.44,1.6,0.147,36,51,0.99836,3.38,0.86,9.9,0
8.6,0.52,0.38,1.5,0.096,5,18,0.99666,3.2,0.52,9.4,0
7.2,0.38,0.3,1.8,0.073,31,70,0.99685,3.42,0.59,9.5,1
8.3,0.54,0.24,3.4,0.076,16,112,0.9976,3.27,0.61,9.4,0
7.9,0.43,0.21,1.6,0.106,10,37,0.9966,3.17,0.91,9.5,0
9.9,0.54,0.45,2.3,0.071,16,40,0.9991,3.39,0.62,9.4,0
8.9,0.5,0.21,2.2,0.088,21,39,0.99692,3.33,0.83,11.1,1
8.9,0.5,0.21,2.2,0.088,21,39,0.99692,3.33,0.83,11.1,1
7.5,0.63,0.27,2,0.083,17,91,0.99616,3.26,0.58,9.8,1
6.6,0.61,0.01,1.9,0.08,8,25,0.99746,3.69,0.73,10.5,0
6.5,0.885,0,2.3,0.166,6,12,0.99551,3.56,0.51,10.8,0
6.4,0.36,0.21,2.2,0.047,26,48,0.99661,3.47,0.77,9.7,1
5.2,0.48,0.04,1.6,0.054,19,106,0.9927,3.54,0.62,12.2,1
6.2,0.57,0.1,2.1,0.048,4,11,0.99448,3.44,0.76,10.8,1
11.1,0.44,0.42,2.2,0.064,14,19,0.99758,3.25,0.57,10.4,1
7.2,0.62,0.06,2.5,0.078,17,84,0.99746,3.51,0.53,9.7,0
7.8,0.57,0.09,2.3,0.065,34,45,0.99417,3.46,0.74,12.7,1
7.5,0.41,0.15,3.7,0.104,29,94,0.99786,3.14,0.58,9.1,0
7.2,0.66,0.03,2.3,0.078,16,86,0.99743,3.53,0.57,9.7,0
7.3,0.45,0.36,5.9,0.074,12,87,0.9978,3.33,0.83,10.5,0
10.8,0.47,0.43,2.1,0.171,27,66,0.9982,3.17,0.76,10.8,1
10.4,0.52,0.45,2,0.08,6,13,0.99774,3.22,0.76,11.4,1
6.3,0.36,0.19,3.2,0.075,15,39,0.9956,3.56,0.52,12.7,1
8.4,0.59,0.29,2.6,0.109,31,119,0.99801,3.15,0.5,9.1,0
6.9,0.635,0.17,2.4,0.241,6,18,0.9961,3.4,0.59,10.3,1
8.4,1.035,0.15,6,0.073,11,54,0.999,3.37,0.49,9.9,0
7.3,0.305,0.39,1.2,0.059,7,11,0.99331,3.29,0.52,11.5,1
7,0.45,0.34,2.7,0.082,16,72,0.998,3.55,0.6,9.5,0
10.2,0.67,0.39,1.9,0.054,6,17,0.9976,3.17,0.47,10,0
8.4,0.37,0.53,1.8,0.413,9,26,0.9979,3.06,1.06,9.1,1
7.4,0.36,0.34,1.8,0.075,18,38,0.9933,3.38,0.88,13.6,1
9.3,0.48,0.29,2.1,0.127,6,16,0.9968,3.22,0.72,11.2,0
12.2,0.34,0.5,2.4,0.066,10,21,1,3.12,1.18,9.2,1
11,0.3,0.58,2.1,0.054,7,19,0.998,3.31,0.88,10.5,1
7.4,0.39,0.48,2,0.082,14,67,0.9972,3.34,0.55,9.2,0
8.1,0.545,0.18,1.9,0.08,13,35,0.9972,3.3,0.59,9,1
10.4,0.44,0.73,6.55,0.074,38,76,0.999,3.17,0.85,12,1
6.2,0.7,0.15,5.1,0.076,13,27,0.99622,3.54,0.6,11.9,1
8.9,0.12,0.45,1.8,0.075,10,21,0.99552,3.41,0.76,11.9,1
7.6,0.645,0.03,1.9,0.086,14,57,0.9969,3.37,0.46,10.3,0
8,0.77,0.32,2.1,0.079,16,74,0.99656,3.27,0.5,9.8,1
11.7,0.28,0.47,1.7,0.054,17,32,0.99686,3.15,0.67,10.6,1
7.4,0.64,0.07,1.8,0.1,8,23,0.9961,3.3,0.58,9.6,0
7.9,0.53,0.24,2,0.072,15,105,0.996,3.27,0.54,9.4,1
6.2,0.64,0.09,2.5,0.081,15,26,0.99538,3.57,0.63,12,0
7.9,0.34,0.42,2,0.086,8,19,0.99546,3.35,0.6,11.4,1
7.6,0.51,0.15,2.8,0.11,33,73,0.9955,3.17,0.63,10.2,1
7.1,0.685,0.35,2,0.088,9,92,0.9963,3.28,0.62,9.4,0
10.5,0.39,0.46,2.2,0.075,14,27,0.99598,3.06,0.84,11.4,1
6.6,0.56,0.14,2.4,0.064,13,29,0.99397,3.42,0.62,11.7,1
11.5,0.41,0.52,3,0.08,29,55,1.0001,3.26,0.88,11,0
7.6,0.49,0.33,1.9,0.074,27,85,0.99706,3.41,0.58,9,0
7.4,0.635,0.1,2.4,0.08,16,33,0.99736,3.58,0.69,10.8,1
7.2,0.45,0.15,2,0.078,10,28,0.99609,3.29,0.51,9.9,1
5,0.42,0.24,2,0.06,19,50,0.9917,3.72,0.74,14,1
10.1,0.28,0.46,1.8,0.05,5,13,0.9974,3.04,0.79,10.2,1
6.2,0.785,0,2.1,0.06,6,13,0.99664,3.59,0.61,10,0
9.9,0.54,0.26,2,0.111,7,60,0.99709,2.94,0.98,10.2,0
7.1,0.46,0.2,1.9,0.077,28,54,0.9956,3.37,0.64,10.4,1
7.4,0.64,0.07,1.8,0.1,8,23,0.9961,3.3,0.58,9.6,0
8.3,0.3,0.49,3.8,0.09,11,24,0.99498,3.27,0.64,12.1,1
7.2,0.33,0.33,1.7,0.061,3,13,0.996,3.23,1.1,10,1
5.6,0.5,0.09,2.3,0.049,17,99,0.9937,3.63,0.63,13,0
7.5,0.63,0.12,5.1,0.111,50,110,0.9983,3.26,0.77,9.4,0
8.9,0.745,0.18,2.5,0.077,15,48,0.99739,3.2,0.47,9.7,1
9.1,0.3,0.34,2,0.064,12,25,0.99516,3.26,0.84,11.7,1
10.2,0.36,0.64,2.9,0.122,10,41,0.998,3.23,0.66,12.5,1
8.4,0.6,0.1,2.2,0.085,14,111,0.9964,3.15,0.66,9.8,0
7.4,0.53,0.26,2,0.101,16,72,0.9957,3.15,0.57,9.4,0
6.7,0.46,0.24,1.7,0.077,18,34,0.9948,3.39,0.6,10.6,1
6.1,0.58,0.23,2.5,0.044,16,70,0.99352,3.46,0.65,12.5,1
6.9,0.52,0.25,2.6,0.081,10,37,0.99685,3.46,0.5,11,0
6.7,0.7,0.08,3.75,0.067,8,16,0.99334,3.43,0.52,12.6,0
6.9,0.51,0.23,2,0.072,13,22,0.99438,3.4,0.84,11.2,1
9.7,0.69,0.32,2.5,0.088,22,91,0.9979,3.29,0.62,10.1,0
7.5,0.43,0.3,2.2,0.062,6,12,0.99495,3.44,0.72,11.5,1
9.9,0.54,0.45,2.3,0.071,16,40,0.9991,3.39,0.62,9.4,0
10.4,0.52,0.45,2,0.08,6,13,0.99774,3.22,0.76,11.4,1
8.3,0.625,0.2,1.5,0.08,27,119,0.9972,3.16,1.12,9.1,0
7.5,0.705,0.24,1.8,0.36,15,63,0.9964,3,1.59,9.5,0
7.4,0.41,0.24,1.8,0.066,18,47,0.9956,3.37,0.62,10.4,0
9.5,0.885,0.27,2.3,0.084,31,145,0.9978,3.24,0.53,9.4,0
6.4,0.865,0.03,3.2,0.071,27,58,0.995,3.61,0.49,12.7,1
15.6,0.685,0.76,3.7,0.1,6,43,1.0032,2.95,0.68,11.2,1
7.8,0.48,0.68,1.7,0.415,14,32,0.99656,3.09,1.06,9.1,1
7.1,0.68,0,2.3,0.087,17,26,0.99783,3.45,0.53,9.5,0
8.6,0.63,0.17,2.9,0.099,21,119,0.998,3.09,0.52,9.3,0
9.9,0.25,0.46,1.7,0.062,26,42,0.9959,3.18,0.83,10.6,1
7.1,0.715,0,2.35,0.071,21,47,0.99632,3.29,0.45,9.4,0
7.5,0.49,0.19,1.9,0.076,10,44,0.9957,3.39,0.54,9.7,0
9.8,0.44,0.47,2.5,0.063,9,28,0.9981,3.24,0.65,10.8,1
7.6,0.54,0.13,2.5,0.097,24,66,0.99785,3.39,0.61,9.4,0
8.5,0.44,0.5,1.9,0.369,15,38,0.99634,3.01,1.1,9.4,0
7.8,0.76,0.04,2.3,0.092,15,54,0.997,3.26,0.65,9.8,0
8.5,0.655,0.49,6.1,0.122,34,151,1.001,3.31,1.14,9.3,0
7.1,0.46,0.2,1.9,0.077,28,54,0.9956,3.37,0.64,10.4,1
6.3,0.39,0.08,1.7,0.066,3,20,0.9954,3.34,0.58,9.4,0
7.8,0.43,0.32,2.8,0.08,29,58,0.9974,3.31,0.64,10.3,0
7.9,0.18,0.4,2.2,0.049,38,67,0.996,3.33,0.93,11.3,0
9.9,0.35,0.55,2.1,0.062,5,14,0.9971,3.26,0.79,10.6,0
8.4,0.62,0.12,1.8,0.072,38,46,0.99504,3.38,0.89,11.8,1
7.5,0.42,0.31,1.6,0.08,15,42,0.9978,3.31,0.64,9,0
7,0.58,0.28,4.8,0.085,12,69,0.99633,3.32,0.7,11,1
7.9,0.18,0.4,1.8,0.062,7,20,0.9941,3.28,0.7,11.1,0
6.8,0.68,0.21,2.1,0.07,9,23,0.99546,3.38,0.6,10.3,0
7.5,0.63,0.27,2,0.083,17,91,0.99616,3.26,0.58,9.8,1
15.6,0.645,0.49,4.2,0.095,10,23,1.00315,2.92,0.74,11.1,0
8.8,0.6,0.29,2.2,0.098,5,15,0.9988,3.36,0.49,9.1,0
7.9,0.885,0.03,1.8,0.058,4,8,0.9972,3.36,0.33,9.1,0
7.7,0.58,0.01,1.8,0.088,12,18,0.99568,3.32,0.56,10.5,1
7.8,0.6,0.26,2,0.08,31,131,0.99622,3.21,0.52,9.9,0
9,0.46,0.31,2.8,0.093,19,98,0.99815,3.32,0.63,9.5,1
9.1,0.64,0.23,3.1,0.095,13,38,0.9998,3.28,0.59,9.7,0
12,0.28,0.49,1.9,0.074,10,21,0.9976,2.98,0.66,9.9,1
7.3,0.305,0.39,1.2,0.059,7,11,0.99331,3.29,0.52,11.5,1
10,0.38,0.38,1.6,0.169,27,90,0.99914,3.15,0.65,8.5,0
6.5,0.51,0.15,3,0.064,12,27,0.9929,3.33,0.59,12.8,1
5.4,0.74,0.09,1.7,0.089,16,26,0.99402,3.67,0.56,11.6,1
9.5,0.57,0.27,2.3,0.082,23,144,0.99782,3.27,0.55,9.4,0
9.3,0.32,0.57,2,0.074,27,65,0.9969,3.28,0.79,10.7,0
8,0.705,0.05,1.9,0.074,8,19,0.9962,3.34,0.95,10.5,1
7.2,0.66,0.03,2.3,0.078,16,86,0.99743,3.53,0.57,9.7,0
8.1,0.575,0.22,2.1,0.077,12,65,0.9967,3.29,0.51,9.2,0
6,0.51,0,2.1,0.064,40,54,0.995,3.54,0.93,10.7,1
6.6,0.5,0,1.8,0.062,21,28,0.99352,3.44,0.55,12.3,1
7.1,0.43,0.17,1.8,0.082,27,51,0.99634,3.49,0.64,10.4,0
6.4,0.56,0.15,1.8,0.078,17,65,0.99294,3.33,0.6,10.5,1
7.7,0.66,0.04,1.6,0.039,4,9,0.9962,3.4,0.47,9.4,0
6.1,0.4,0.16,1.8,0.069,11,25,0.9955,3.42,0.74,10.1,1
9.3,0.36,0.39,1.5,0.08,41,55,0.99652,3.47,0.73,10.9,1
6.2,0.58,0,1.6,0.065,8,18,0.9966,3.56,0.84,9.4,0
7.6,0.54,0.02,1.7,0.085,17,31,0.99589,3.37,0.51,10.4,1
9.9,0.74,0.19,5.8,0.111,33,76,0.99878,3.14,0.55,9.4,0
9.7,0.31,0.47,1.6,0.062,13,33,0.9983,3.27,0.66,10,1
8.9,0.48,0.53,4,0.101,3,10,0.99586,3.21,0.59,12.1,1
8.2,0.26,0.34,2.5,0.073,16,47,0.99594,3.4,0.78,11.3,1
9.6,0.41,0.37,2.3,0.091,10,23,0.99786,3.24,0.56,10.5,0
9.4,0.685,0.11,2.7,0.077,6,31,0.9984,3.19,0.7,10.1,1
7.4,0.67,0.12,1.6,0.186,5,21,0.996,3.39,0.54,9.5,0
8.8,0.4,0.4,2.2,0.079,19,52,0.998,3.44,0.64,9.2,0
10.7,0.52,0.38,2.6,0.066,29,56,0.99577,3.15,0.79,12.1,1
7.9,0.65,0.01,2.5,0.078,17,38,0.9963,3.34,0.74,11.7,1
8.1,0.38,0.48,1.8,0.157,5,17,0.9976,3.3,1.05,9.4,0
10.6,0.48,0.64,2.2,0.111,6,20,0.997,3.26,0.66,11.7,1
7.7,0.54,0.26,1.9,0.089,23,147,0.99636,3.26,0.59,9.7,0
7.1,0.39,0.12,2.1,0.065,14,24,0.99252,3.3,0.53,13.3,1
7.1,0.47,0,2.2,0.067,7,14,0.99517,3.4,0.58,10.9,0
7.2,0.36,0.46,2.1,0.074,24,44,0.99534,3.4,0.85,11,1
8,0.48,0.34,2.2,0.073,16,25,0.9936,3.28,0.66,12.4,1
7.2,0.57,0.06,1.6,0.076,9,27,0.9972,3.36,0.7,9.6,1
9.8,0.5,0.34,2.3,0.094,10,45,0.99864,3.24,0.6,9.7,1
8.9,0.75,0.14,2.5,0.086,9,30,0.99824,3.34,0.64,10.5,0
7.4,0.58,0,2,0.064,7,11,0.99562,3.45,0.58,11.3,1
7.5,0.77,0.2,8.1,0.098,30,92,0.99892,3.2,0.58,9.2,0
7.1,0.63,0.06,2,0.083,8,29,0.99855,3.67,0.73,9.6,0
9.2,0.36,0.34,1.6,0.062,5,12,0.99667,3.2,0.67,10.5,1
7.4,0.61,0.01,2,0.074,13,38,0.99748,3.48,0.65,9.8,0
7.2,0.36,0.46,2.1,0.074,24,44,0.99534,3.4,0.85,11,1
8.6,0.22,0.36,1.9,0.064,53,77,0.99604,3.47,0.87,11,1
8.7,0.33,0.38,3.3,0.063,10,19,0.99468,3.3,0.73,12,1
7.5,0.51,0.02,1.7,0.084,13,31,0.99538,3.36,0.54,10.5,1
10.4,0.41,0.55,3.2,0.076,22,54,0.9996,3.15,0.89,9.9,1
7.5,0.5,0.36,6.1,0.071,17,102,0.9978,3.35,0.8,10.5,0
7.2,0.62,0.06,2.7,0.077,15,85,0.99746,3.51,0.54,9.5,0
8.2,0.51,0.24,2,0.079,16,86,0.99764,3.34,0.64,9.5,1
9,0.48,0.32,2.8,0.084,21,122,0.9984,3.32,0.62,9.4,0
14,0.41,0.63,3.8,0.089,6,47,1.0014,3.01,0.81,10.8,1
9.3,0.49,0.36,1.7,0.081,3,14,0.99702,3.27,0.78,10.9,1
8.7,0.625,0.16,2,0.101,13,49,0.9962,3.14,0.57,11,0
7.2,0.415,0.36,2,0.081,13,45,0.9972,3.48,0.64,9.2,0
7.7,0.41,0.76,1.8,0.611,8,45,0.9968,3.06,1.26,9.4,0
6.8,0.47,0.08,2.2,0.064,18,38,0.99553,3.3,0.65,9.6,1
6.1,0.53,0.08,1.9,0.077,24,45,0.99528,3.6,0.68,10.3,1
6.9,0.63,0.02,1.9,0.078,18,30,0.99712,3.4,0.75,9.8,0
7.2,0.655,0.03,1.8,0.078,7,12,0.99587,3.34,0.39,9.5,0
6.2,0.6,0.08,2,0.09,32,44,0.9949,3.45,0.58,10.5,0
11.9,0.58,0.66,2.5,0.072,6,37,0.9992,3.05,0.56,10,0
6,0.31,0.47,3.6,0.067,18,42,0.99549,3.39,0.66,11,1
8.5,0.18,0.51,1.75,0.071,45,88,0.99524,3.33,0.76,11.8,1
9.2,0.58,0.2,3,0.081,15,115,0.998,3.23,0.59,9.5,0
5.2,0.49,0.26,2.3,0.09,23,74,0.9953,3.71,0.62,12.2,1
9.1,0.68,0.11,2.8,0.093,11,44,0.99888,3.31,0.55,9.5,1
8.3,0.54,0.28,1.9,0.077,11,40,0.9978,3.39,0.61,10,1
8.3,0.85,0.14,2.5,0.093,13,54,0.99724,3.36,0.54,10.1,0
10.8,0.4,0.41,2.2,0.084,7,17,0.9984,3.08,0.67,9.3,1
7.5,0.65,0.18,7,0.088,27,94,0.99915,3.38,0.77,9.4,0
9.6,0.38,0.42,1.9,0.071,5,13,0.99659,3.15,0.75,10.5,1
6.7,0.28,0.28,2.4,0.012,36,100,0.99064,3.26,0.39,11.7,1
9.7,0.32,0.54,2.5,0.094,28,83,0.9984,3.28,0.82,9.6,0
8.5,0.34,0.44,1.7,0.079,6,12,0.99605,3.52,0.63,10.7,0
7.2,0.63,0.03,2.2,0.08,17,88,0.99745,3.53,0.58,9.8,1
6.1,0.59,0.01,2.1,0.056,5,13,0.99472,3.52,0.56,11.4,0
7.1,0.68,0.07,1.9,0.075,16,51,0.99685,3.38,0.52,9.5,0
8.3,0.26,0.42,2,0.08,11,27,0.9974,3.21,0.8,9.4,1
8,1.18,0.21,1.9,0.083,14,41,0.99532,3.34,0.47,10.5,0
7.3,0.52,0.32,2.1,0.07,51,70,0.99418,3.34,0.82,12.9,1
4.7,0.6,0.17,2.3,0.058,17,106,0.9932,3.85,0.6,12.9,1
11.5,0.35,0.49,3.3,0.07,10,37,1.0003,3.32,0.91,11,1
8,0.6,0.08,2.6,0.056,3,7,0.99286,3.22,0.37,13,0
11.9,0.4,0.65,2.15,0.068,7,27,0.9988,3.06,0.68,11.3,1
7.9,0.3,0.68,8.3,0.05,37.5,289,0.99316,3.01,0.51,12.3,1
7.4,1.185,0,4.25,0.097,5,14,0.9966,3.63,0.54,10.7,0
9.9,0.35,0.41,2.3,0.083,11,61,0.9982,3.21,0.5,9.5,0
7.1,0.46,0.14,2.8,0.076,15,37,0.99624,3.36,0.49,10.7,0
9.4,0.5,0.34,3.6,0.082,5,14,0.9987,3.29,0.52,10.7,1
8.3,0.845,0.01,2.2,0.07,5,14,0.9967,3.32,0.58,11,0
6.4,0.64,0.21,1.8,0.081,14,31,0.99689,3.59,0.66,9.8,0
10.6,1.02,0.43,2.9,0.076,26,88,0.9984,3.08,0.57,10.1,1
6.9,0.4,0.14,2.4,0.085,21,40,0.9968,3.43,0.63,9.7,1
8.7,0.41,0.41,6.2,0.078,25,42,0.9953,3.24,0.77,12.6,1
8.2,0.24,0.34,5.1,0.062,8,22,0.9974,3.22,0.94,10.9,1
8.1,0.38,0.28,2.1,0.066,13,30,0.9968,3.23,0.73,9.7,1
9.1,0.6,0,1.9,0.058,5,10,0.9977,3.18,0.63,10.4,1
9.6,0.68,0.24,2.2,0.087,5,28,0.9988,3.14,0.6,10.2,0
8.3,0.26,0.42,2,0.08,11,27,0.9974,3.21,0.8,9.4,1
7.3,0.695,0,2.5,0.075,3,13,0.998,3.49,0.52,9.2,0
7.7,0.61,0.18,2.4,0.083,6,20,0.9963,3.29,0.6,10.2,1
7.8,0.59,0.33,2,0.074,24,120,0.9968,3.25,0.54,9.4,0
7.7,0.18,0.34,2.7,0.066,15,58,0.9947,3.37,0.78,11.8,1
7,0.57,0,2,0.19,12,45,0.99676,3.31,0.6,9.4,1
6.2,0.46,0.29,2.1,0.074,32,98,0.99578,3.33,0.62,9.8,0
7.4,0.53,0.12,1.9,0.165,4,12,0.99702,3.26,0.86,9.2,0
6,0.5,0,1.4,0.057,15,26,0.99448,3.36,0.45,9.5,0
7.7,0.43,0.25,2.6,0.073,29,63,0.99615,3.37,0.58,10.5,1
7.4,0.6,0.26,7.3,0.07,36,121,0.9982,3.37,0.49,9.4,0
9.1,0.52,0.33,1.3,0.07,9,30,0.9978,3.24,0.6,9.3,0
8.1,0.87,0,2.2,0.084,10,31,0.99656,3.25,0.5,9.8,0
10.2,0.24,0.49,2.4,0.075,10,28,0.9978,3.14,0.61,10.4,0
9.5,0.735,0.1,2.1,0.079,6,31,0.9986,3.23,0.56,10.1,1
10,0.41,0.45,6.2,0.071,6,14,0.99702,3.21,0.49,11.8,1
7.1,0.59,0.02,2.3,0.082,24,94,0.99744,3.55,0.53,9.7,1
6.5,0.34,0.27,2.8,0.067,8,44,0.99384,3.21,0.56,12,1
7.2,0.34,0.21,2.5,0.075,41,68,0.99586,3.37,0.54,10.1,1
11.2,0.5,0.74,5.15,0.1,5,17,0.9996,3.22,0.62,11.2,0
7.6,0.49,0.33,1.9,0.074,27,85,0.99706,3.41,0.58,9,0
7.1,0.31,0.3,2.2,0.053,36,127,0.9965,2.94,1.62,9.5,0
7.2,0.48,0.07,5.5,0.089,10,18,0.99684,3.37,0.68,11.2,1
12.5,0.28,0.54,2.3,0.082,12,29,0.9997,3.11,1.36,9.8,1
11.3,0.37,0.41,2.3,0.088,6,16,0.9988,3.09,0.8,9.3,0
8.8,0.3,0.38,2.3,0.06,19,72,0.99543,3.39,0.72,11.8,1
7.2,0.57,0.05,2.3,0.081,16,36,0.99564,3.38,0.6,10.3,1
8.7,0.69,0,3.2,0.084,13,33,0.9992,3.36,0.45,9.4,0
8,0.62,0.35,2.8,0.086,28,52,0.997,3.31,0.62,10.8,0
5.9,0.55,0.1,2.2,0.062,39,51,0.99512,3.52,0.76,11.2,1
7.2,0.63,0,1.9,0.097,14,38,0.99675,3.37,0.58,9,1
9.4,0.59,0.14,2,0.084,25,48,0.9981,3.14,0.56,9.7,0
7,0.4,0.32,3.6,0.061,9,29,0.99416,3.28,0.49,11.3,1
6.8,0.69,0,5.6,0.124,21,58,0.9997,3.46,0.72,10.2,0
7,0.6,0.12,2.2,0.083,13,28,0.9966,3.52,0.62,10.2,1
7,0.78,0.08,2,0.093,10,19,0.9956,3.4,0.47,10,0
9.1,0.795,0,2.6,0.096,11,26,0.9994,3.35,0.83,9.4,1
9.2,0.54,0.31,2.3,0.112,11,38,0.99699,3.24,0.56,10.9,0
8.5,0.47,0.27,1.9,0.058,18,38,0.99518,3.16,0.85,11.1,1
12.9,0.35,0.49,5.8,0.066,5,35,1.0014,3.2,0.66,12,1
7.1,0.34,0.28,2,0.082,31,68,0.99694,3.45,0.48,9.4,0
7.4,0.6,0.26,2.1,0.083,17,91,0.99616,3.29,0.56,9.8,1
7.6,0.9,0.06,2.5,0.079,5,10,0.9967,3.39,0.56,9.8,0
12.9,0.5,0.55,2.8,0.072,7,24,1.00012,3.09,0.68,10.9,1
11.3,0.37,0.5,1.8,0.09,20,47,0.99734,3.15,0.57,10.5,0
7.4,0.64,0.17,5.4,0.168,52,98,0.99736,3.28,0.5,9.5,0
8.2,0.44,0.24,2.3,0.063,10,28,0.99613,3.25,0.53,10.2,1
9.1,0.765,0.04,1.6,0.078,4,14,0.998,3.29,0.54,9.7,0
6.2,0.65,0.06,1.6,0.05,6,18,0.99348,3.57,0.54,11.95,0
7.2,0.655,0.03,1.8,0.078,7,12,0.99587,3.34,0.39,9.5,0
8.9,0.38,0.4,2.2,0.068,12,28,0.99486,3.27,0.75,12.6,1
7,0.975,0.04,2,0.087,12,67,0.99565,3.35,0.6,9.4,0
6.8,0.49,0.22,2.3,0.071,13,24,0.99438,3.41,0.83,11.3,1
6.6,0.725,0.09,5.5,0.117,9,17,0.99655,3.35,0.49,10.8,1
9.1,0.21,0.37,1.6,0.067,6,10,0.99552,3.23,0.58,11.1,1
9,0.58,0.25,2,0.104,8,21,0.99769,3.27,0.72,9.6,0
6.6,0.96,0,1.8,0.082,5,16,0.9936,3.5,0.44,11.9,1
8.1,0.87,0,2.2,0.084,10,31,0.99656,3.25,0.5,9.8,0
10.6,0.36,0.57,2.3,0.087,6,20,0.99676,3.14,0.72,11.1,1
8.2,0.23,0.42,1.9,0.069,9,17,0.99376,3.21,0.54,12.3,1
6.8,0.59,0.1,1.7,0.063,34,53,0.9958,3.41,0.67,9.7,0
7.1,0.75,0.01,2.2,0.059,11,18,0.99242,3.39,0.4,12.8,1
8.3,0.53,0,1.4,0.07,6,14,0.99593,3.25,0.64,10,1
9.9,0.4,0.53,6.7,0.097,6,19,0.9986,3.27,0.82,11.7,1
7,0.23,0.4,1.6,0.063,21,67,0.9952,3.5,0.63,11.1,0
8.6,0.37,0.65,6.4,0.08,3,8,0.99817,3.27,0.58,11,0
7.4,0.36,0.29,2.6,0.087,26,72,0.99645,3.39,0.68,11,0
7.3,0.4,0.3,1.7,0.08,33,79,0.9969,3.41,0.65,9.5,1
6.6,0.61,0.01,1.9,0.08,8,25,0.99746,3.69,0.73,10.5,0
10,0.43,0.33,2.7,0.095,28,89,0.9984,3.22,0.68,10,0
6.8,0.59,0.06,6,0.06,11,18,0.9962,3.41,0.59,10.8,1
8.1,0.575,0.22,2.1,0.077,12,65,0.9967,3.29,0.51,9.2,0
8.3,0.26,0.42,2,0.08,11,27,0.9974,3.21,0.8,9.4,1
10,0.56,0.24,2.2,0.079,19,58,0.9991,3.18,0.56,10.1,1
8.6,0.37,0.65,6.4,0.08,3,8,0.99817,3.27,0.58,11,0
8.5,0.4,0.4,6.3,0.05,3,10,0.99566,3.28,0.56,12,0
6.4,0.69,0,1.65,0.055,7,12,0.99162,3.47,0.53,12.9,1
11.9,0.39,0.69,2.8,0.095,17,35,0.9994,3.1,0.61,10.8,1
7.5,0.38,0.48,2.6,0.073,22,84,0.9972,3.32,0.7,9.6,0
6.7,0.67,0.02,1.9,0.061,26,42,0.99489,3.39,0.82,10.9,1
7.1,0.52,0.03,2.6,0.076,21,92,0.99745,3.5,0.6,9.8,0
8.2,0.34,0.37,1.9,0.057,43,74,0.99408,3.23,0.81,12,1
11.5,0.18,0.51,4,0.104,4,23,0.9996,3.28,0.97,10.1,1
6.2,0.52,0.08,4.4,0.071,11,32,0.99646,3.56,0.63,11.6,1
7.7,0.39,0.12,1.7,0.097,19,27,0.99596,3.16,0.49,9.4,0
10,0.46,0.44,2.9,0.065,4,8,0.99674,3.33,0.62,12.2,1
7.7,0.56,0.08,2.5,0.114,14,46,0.9971,3.24,0.66,9.6,1
7.4,0.74,0.07,1.7,0.086,15,48,0.99502,3.12,0.48,10,0
6.4,0.39,0.33,3.3,0.046,12,53,0.99294,3.36,0.62,12.2,1
10.5,0.51,0.64,2.4,0.107,6,15,0.9973,3.09,0.66,11.8,1
8.3,0.33,0.42,2.3,0.07,9,20,0.99426,3.38,0.77,12.7,1
7.3,0.735,0,2.2,0.08,18,28,0.99765,3.41,0.6,9.4,0
7.4,0.55,0.19,1.8,0.082,15,34,0.99655,3.49,0.68,10.5,0
10.7,0.35,0.53,2.6,0.07,5,16,0.9972,3.15,0.65,11,1
8.9,0.24,0.39,1.6,0.074,3,10,0.99698,3.12,0.59,9.5,1
6.8,0.67,0,1.9,0.08,22,39,0.99701,3.4,0.74,9.7,0
8.3,0.675,0.26,2.1,0.084,11,43,0.9976,3.31,0.53,9.2,0
8.9,0.59,0.39,2.3,0.095,5,22,0.9986,3.37,0.58,10.3,0
5.9,0.61,0.08,2.1,0.071,16,24,0.99376,3.56,0.77,11.1,1
8.9,0.565,0.34,3,0.093,16,112,0.9998,3.38,0.61,9.5,0
7.1,0.53,0.07,1.7,0.071,15,24,0.9951,3.29,0.66,10.8,1
8.1,0.67,0.55,1.8,0.117,32,141,0.9968,3.17,0.62,9.4,0
7.2,0.38,0.3,1.8,0.073,31,70,0.99685,3.42,0.59,9.5,1
7,0.64,0.02,2.1,0.067,9,23,0.997,3.47,0.67,9.4,1
11.3,0.34,0.45,2,0.082,6,15,0.9988,2.94,0.66,9.2,1
8.8,0.41,0.64,2.2,0.093,9,42,0.9986,3.54,0.66,10.5,0
7,0.36,0.21,2.4,0.086,24,69,0.99556,3.4,0.53,10.1,1
7.5,0.6,0.03,1.8,0.095,25,99,0.995,3.35,0.54,10.1,0
7.1,0.56,0.14,1.6,0.078,7,18,0.99592,3.27,0.62,9.3,0
7.8,0.46,0.26,1.9,0.088,23,53,0.9981,3.43,0.74,9.2,1
6.6,0.8,0.03,7.8,0.079,6,12,0.9963,3.52,0.5,12.2,0
6.7,0.855,0.02,1.9,0.064,29,38,0.99472,3.3,0.56,10.75,1
